City_ID,City,Country,Date,Lat,Lng,Max Temp,Humidity,Cloudiness,Wind Speed
0,Caravelas,BR,2022-07-09 00:38:36,-17.7125,-39.2481,69.8,89,0,3.67
1,Ponta Do Sol,PT,2022-07-09 00:38:36,32.6667,-17.1,69.12,60,4,2.13
2,Yellowknife,CA,2022-07-09 00:37:52,62.456,-114.3525,79.32,36,75,16.11
3,Puerto Ayora,EC,2022-07-09 00:38:36,-0.7393,-90.3518,71.55,90,29,5.01
4,Avarua,CK,2022-07-09 00:38:37,-21.2078,-159.775,77.05,57,40,14.97
5,Anadyr,RU,2022-07-09 00:38:37,64.75,177.4833,50.5,81,40,20.13
6,Zyryanka,RU,2022-07-09 00:38:37,65.75,150.85,48.54,92,100,21.21
7,Victor Harbor,AU,2022-07-09 00:38:38,-35.5667,138.6167,54.0,69,100,1.01
8,Hithadhoo,MV,2022-07-09 00:38:38,-0.6,73.0833,80.46,80,100,5.1
9,Kuopio,FI,2022-07-09 00:38:37,62.8924,27.677,58.95,77,75,4.61
10,Upernavik,GL,2022-07-09 00:38:38,72.7868,-56.1549,36.46,97,100,16.11
11,Cape Town,ZA,2022-07-09 00:36:13,-33.9258,18.4232,61.12,76,0,5.75
12,Saint-Philippe,RE,2022-07-09 00:38:38,-21.3585,55.7679,67.59,78,86,14.97
13,Busselton,AU,2022-07-09 00:38:39,-33.65,115.3333,63.88,86,100,26.84
14,Homer,US,2022-07-09 00:38:39,59.6425,-151.5483,59.77,83,100,10.36
15,Straubing,DE,2022-07-09 00:38:39,48.8833,12.5667,56.12,72,11,0.56
16,Bluff,NZ,2022-07-09 00:38:39,-46.6,168.3333,44.8,78,100,29.3
17,Padang,ID,2022-07-09 00:38:40,-0.9492,100.3543,73.45,77,76,1.57
18,Kapaa,US,2022-07-09 00:38:40,22.0752,-159.319,85.98,68,40,14.97
19,Tigil,RU,2022-07-09 00:38:40,57.8,158.6667,75.61,64,89,18.79
20,Bethel,US,2022-07-09 00:35:31,41.3712,-73.414,77.59,80,100,2.46
21,Barrow,US,2022-07-09 00:38:40,71.2906,-156.7887,44.62,81,0,11.5
22,Torbay,CA,2022-07-09 00:35:30,47.6666,-52.7314,57.97,85,40,5.75
23,Klaksvik,FO,2022-07-09 00:38:41,62.2266,-6.589,50.92,86,67,15.93
24,Saldanha,ZA,2022-07-09 00:38:41,-33.0117,17.9442,46.45,54,6,9.37
25,Mataura,NZ,2022-07-09 00:38:41,-46.1927,168.8643,44.47,94,100,7.67
26,Mahebourg,MU,2022-07-09 00:38:42,-20.4081,57.7,67.24,65,48,21.7
27,Hilo,US,2022-07-09 00:38:11,19.7297,-155.09,88.29,72,100,12.66
28,Atuona,PF,2022-07-09 00:38:42,-9.8,-139.0333,78.19,77,14,15.97
29,Shache,CN,2022-07-09 00:38:42,38.4167,77.2406,77.72,34,73,10.45
30,San Ramon De La Nueva Oran,AR,2022-07-09 00:38:43,-23.1322,-64.326,60.64,75,64,2.98
31,Castro,BR,2022-07-09 00:38:43,-24.7911,-50.0119,56.52,82,95,4.65
32,Harrismith,ZA,2022-07-09 00:38:43,-28.2728,29.1295,40.37,34,0,2.51
33,Albany,US,2022-07-09 00:35:52,42.6001,-73.9662,77.41,65,100,6.62
34,La Ronge,CA,2022-07-09 00:38:43,55.1001,-105.2842,64.65,88,100,10.36
35,Sao Joao Da Barra,BR,2022-07-09 00:38:44,-21.6403,-41.0511,70.93,85,0,12.5
36,Norman Wells,CA,2022-07-09 00:38:44,65.282,-126.8329,86.04,30,75,12.66
37,Ilulissat,GL,2022-07-09 00:38:44,69.2167,-51.1,48.22,76,0,13.8
38,Leningradskiy,RU,2022-07-09 00:38:44,69.3833,178.4167,62.19,57,94,18.34
39,Lavrentiya,RU,2022-07-09 00:38:45,65.5833,-171.0,52.54,79,68,9.44
40,Kargopol,RU,2022-07-09 00:38:45,61.5071,38.9456,50.7,80,21,3.67
41,Marzuq,YE,2022-07-09 00:38:45,14.4,46.4667,74.46,47,100,14.52
42,Necochea,AR,2022-07-09 00:38:46,-38.5473,-58.7368,51.4,38,100,18.1
43,Souillac,MU,2022-07-09 00:38:46,-20.5167,57.5167,69.28,72,22,20.87
44,Bulgan,MN,2022-07-09 00:38:46,48.8125,103.5347,59.16,66,6,3.44
45,Cockburn Town,TC,2022-07-09 00:38:46,21.4612,-71.1419,82.36,74,40,13.8
46,Caravelas,BR,2022-07-09 00:38:36,-17.7125,-39.2481,69.8,89,0,3.67
47,Ponta Do Sol,PT,2022-07-09 00:38:36,32.6667,-17.1,69.12,60,4,2.13
48,Yellowknife,CA,2022-07-09 00:37:52,62.456,-114.3525,79.32,36,75,16.11
49,Puerto Ayora,EC,2022-07-09 00:38:36,-0.7393,-90.3518,71.55,90,29,5.01
50,Avarua,CK,2022-07-09 00:38:37,-21.2078,-159.775,77.05,57,40,14.97
51,Anadyr,RU,2022-07-09 00:38:37,64.75,177.4833,50.5,81,40,20.13
52,Zyryanka,RU,2022-07-09 00:38:37,65.75,150.85,48.54,92,100,21.21
53,Victor Harbor,AU,2022-07-09 00:38:38,-35.5667,138.6167,54.0,69,100,1.01
54,Hithadhoo,MV,2022-07-09 00:38:38,-0.6,73.0833,80.46,80,100,5.1
55,Kuopio,FI,2022-07-09 00:38:37,62.8924,27.677,58.95,77,75,4.61
56,Upernavik,GL,2022-07-09 00:38:38,72.7868,-56.1549,36.46,97,100,16.11
57,Cape Town,ZA,2022-07-09 00:36:13,-33.9258,18.4232,61.12,76,0,5.75
58,Saint-Philippe,RE,2022-07-09 00:38:38,-21.3585,55.7679,67.59,78,86,14.97
59,Busselton,AU,2022-07-09 00:38:39,-33.65,115.3333,63.88,86,100,26.84
60,Homer,US,2022-07-09 00:38:39,59.6425,-151.5483,59.77,83,100,10.36
61,Straubing,DE,2022-07-09 00:38:39,48.8833,12.5667,56.12,72,11,0.56
62,Bluff,NZ,2022-07-09 00:38:39,-46.6,168.3333,44.8,78,100,29.3
63,Padang,ID,2022-07-09 00:38:40,-0.9492,100.3543,73.45,77,76,1.57
64,Kapaa,US,2022-07-09 00:38:40,22.0752,-159.319,85.98,68,40,14.97
65,Tigil,RU,2022-07-09 00:38:40,57.8,158.6667,75.61,64,89,18.79
66,Bethel,US,2022-07-09 00:35:31,41.3712,-73.414,77.59,80,100,2.46
67,Barrow,US,2022-07-09 00:38:40,71.2906,-156.7887,44.62,81,0,11.5
68,Torbay,CA,2022-07-09 00:35:30,47.6666,-52.7314,57.97,85,40,5.75
69,Klaksvik,FO,2022-07-09 00:38:41,62.2266,-6.589,50.92,86,67,15.93
70,Saldanha,ZA,2022-07-09 00:38:41,-33.0117,17.9442,46.45,54,6,9.37
71,Mataura,NZ,2022-07-09 00:38:41,-46.1927,168.8643,44.47,94,100,7.67
72,Mahebourg,MU,2022-07-09 00:38:42,-20.4081,57.7,67.24,65,48,21.7
73,Hilo,US,2022-07-09 00:38:11,19.7297,-155.09,88.29,72,100,12.66
74,Atuona,PF,2022-07-09 00:38:42,-9.8,-139.0333,78.19,77,14,15.97
75,Shache,CN,2022-07-09 00:38:42,38.4167,77.2406,77.72,34,73,10.45
76,San Ramon De La Nueva Oran,AR,2022-07-09 00:38:43,-23.1322,-64.326,60.64,75,64,2.98
77,Castro,BR,2022-07-09 00:38:43,-24.7911,-50.0119,56.52,82,95,4.65
78,Harrismith,ZA,2022-07-09 00:38:43,-28.2728,29.1295,40.37,34,0,2.51
79,Albany,US,2022-07-09 00:35:52,42.6001,-73.9662,77.41,65,100,6.62
80,La Ronge,CA,2022-07-09 00:38:43,55.1001,-105.2842,64.65,88,100,10.36
81,Sao Joao Da Barra,BR,2022-07-09 00:38:44,-21.6403,-41.0511,70.93,85,0,12.5
82,Norman Wells,CA,2022-07-09 00:38:44,65.282,-126.8329,86.04,30,75,12.66
83,Ilulissat,GL,2022-07-09 00:38:44,69.2167,-51.1,48.22,76,0,13.8
84,Leningradskiy,RU,2022-07-09 00:38:44,69.3833,178.4167,62.19,57,94,18.34
85,Lavrentiya,RU,2022-07-09 00:38:45,65.5833,-171.0,52.54,79,68,9.44
86,Kargopol,RU,2022-07-09 00:38:45,61.5071,38.9456,50.7,80,21,3.67
87,Marzuq,YE,2022-07-09 00:38:45,14.4,46.4667,74.46,47,100,14.52
88,Necochea,AR,2022-07-09 00:38:46,-38.5473,-58.7368,51.4,38,100,18.1
89,Souillac,MU,2022-07-09 00:38:46,-20.5167,57.5167,69.28,72,22,20.87
90,Bulgan,MN,2022-07-09 00:38:46,48.8125,103.5347,59.16,66,6,3.44
91,Cockburn Town,TC,2022-07-09 00:38:46,21.4612,-71.1419,82.36,74,40,13.8
92,Ballina,AU,2022-07-09 00:40:54,-28.8667,153.5667,59.02,63,61,7.67
93,Nyurba,RU,2022-07-09 00:40:54,63.2842,118.3319,64.56,65,95,3.02
94,Ribeira Grande,PT,2022-07-09 00:40:35,38.5167,-28.7,67.39,76,83,16.24
95,Dzaoudzi,YT,2022-07-09 00:40:55,-12.7887,45.2699,75.09,83,75,14.97
96,Rikitea,PF,2022-07-09 00:40:55,-23.1203,-134.9692,74.5,77,100,22.95
97,Chokurdakh,RU,2022-07-09 00:40:55,70.6333,147.9167,51.28,57,100,14.43
98,Punta Arenas,CL,2022-07-09 00:40:56,-53.15,-70.9167,33.82,100,75,6.91
99,Tuktoyaktuk,CA,2022-07-09 00:40:56,69.4541,-133.0374,47.52,80,17,11.59
100,Virden,US,2022-07-09 00:40:56,39.5009,-89.7679,80.42,94,100,7.14
101,Kaseda,JP,2022-07-09 00:40:56,31.4167,130.3167,83.01,79,7,7.47
102,Humaita,BR,2022-07-09 00:40:57,-7.5061,-63.0208,80.37,58,81,2.8
103,Isangel,VU,2022-07-09 00:40:57,-19.55,169.2667,82.51,78,20,6.91
104,Atar,MR,2022-07-09 00:40:57,20.5169,-13.0499,90.37,34,12,11.12
105,Bayir,TR,2022-07-09 00:40:57,37.2687,28.2167,64.92,61,0,4.27
106,Vaini,TO,2022-07-09 00:40:58,-21.2,-175.2,77.16,73,40,11.5
107,Abrau-Dyurso,RU,2022-07-09 00:40:58,44.69,37.59,69.26,90,12,6.04
108,Jiuquan,CN,2022-07-09 00:40:58,39.7432,98.5174,79.25,13,99,9.69
109,Victoria,HK,2022-07-09 00:39:45,22.2855,114.1577,87.33,79,8,5.99
110,Guerrero Negro,MX,2022-07-09 00:40:59,27.9769,-114.0611,72.19,68,20,19.26
111,East London,ZA,2022-07-09 00:40:59,-33.0153,27.9116,60.66,29,0,8.68
112,Ucluelet,CA,2022-07-09 00:40:59,48.9329,-125.5528,68.09,71,5,1.99
113,Anajatuba,BR,2022-07-09 00:40:59,-3.2644,-44.6197,72.99,87,1,2.48
114,Jamestown,US,2022-07-09 00:37:34,42.097,-79.2353,74.84,60,75,8.05
115,Vila Franca Do Campo,PT,2022-07-09 00:41:00,37.7167,-25.4333,66.2,82,21,8.34
116,Mikkeli,FI,2022-07-09 00:41:00,61.6886,27.2723,55.51,94,20,1.14
117,Ibra,OM,2022-07-09 00:41:00,22.6906,58.5334,77.88,86,100,7.02
118,Provideniya,RU,2022-07-09 00:41:01,64.3833,-173.3,54.39,77,25,9.55
119,Pampa,US,2022-07-09 00:41:01,35.5362,-100.9599,82.44,39,0,11.5
120,Dikson,RU,2022-07-09 00:41:01,73.5069,80.5464,33.87,91,100,8.61
121,Bredasdorp,ZA,2022-07-09 00:41:01,-34.5322,20.0403,51.35,75,5,5.5
122,Ushuaia,AR,2022-07-09 00:41:02,-54.8,-68.3,29.86,100,100,5.75
123,Makakilo City,US,2022-07-09 00:41:02,21.3469,-158.0858,80.92,70,75,13.8
124,Puerto Quijarro,BO,2022-07-09 00:41:02,-17.7833,-57.7667,73.02,39,6,1.99
125,Mount Gambier,AU,2022-07-09 00:41:02,-37.8333,140.7667,53.64,63,32,8.55
126,Geraldton,AU,2022-07-09 00:41:03,-28.7667,114.6,57.61,26,0,11.5
127,Ibotirama,BR,2022-07-09 00:41:03,-12.1853,-43.2206,70.72,54,0,3.74
128,Ancud,CL,2022-07-09 00:41:03,-41.8697,-73.8203,47.23,90,100,19.95
129,Khuzhir,RU,2022-07-09 00:41:04,53.1939,107.3397,56.73,75,58,7.81
130,Hambantota,LK,2022-07-09 00:41:04,6.1241,81.1185,80.94,78,75,9.22
131,Aleksandrov Gay,RU,2022-07-09 00:41:04,50.147,48.5704,71.46,36,0,7.14
132,Bestobe,KZ,2022-07-09 00:41:04,52.4994,73.0975,63.12,78,100,12.12
133,Sibu,MY,2022-07-09 00:38:16,2.3,111.8167,73.71,94,40,5.01
134,Lima,PE,2022-07-09 00:41:05,-12.0432,-77.0282,61.9,82,42,11.5
135,Ovalle,CL,2022-07-09 00:41:05,-30.5983,-71.2003,52.66,78,0,3.15
136,Mayo,US,2022-07-09 00:41:05,38.8876,-76.5119,82.51,81,0,9.22
137,Bambous Virieux,MU,2022-07-09 00:42:06,-20.3428,57.7575,67.21,64,60,21.74
138,Kahului,US,2022-07-09 00:42:06,20.8947,-156.47,84.22,61,40,28.77
139,Paamiut,GL,2022-07-09 00:42:06,61.994,-49.6678,40.1,96,100,14.09
140,Kungurtug,RU,2022-07-09 00:42:06,50.5994,97.5228,58.19,59,44,1.48
141,Ormara,PK,2022-07-09 00:42:07,25.2088,64.6357,81.46,85,100,14.63
142,Tessalit,ML,2022-07-09 00:42:07,20.1986,1.0114,89.98,10,6,6.58
143,Tecoanapa,MX,2022-07-09 00:42:07,16.5167,-98.75,82.29,79,100,4.5
144,Marfino,RU,2022-07-09 00:42:08,55.7028,37.3822,64.17,74,0,2.24
145,Bloomington,US,2022-07-09 00:42:08,44.8408,-93.2983,80.6,71,20,10.36
146,Acarau,BR,2022-07-09 00:42:08,-2.8856,-40.12,78.06,77,39,13.51
147,Bubaque,GW,2022-07-09 00:42:08,11.2833,-15.8333,80.35,81,100,11.95
148,Mar Del Plata,AR,2022-07-09 00:37:42,-38.0023,-57.5575,52.09,80,0,21.0
149,Barabinsk,RU,2022-07-09 00:42:09,55.3571,78.357,63.54,80,8,7.45
150,Thompson,CA,2022-07-09 00:42:09,55.7435,-97.8558,80.76,32,40,12.66
151,Broken Hill,AU,2022-07-09 00:42:09,-31.95,141.4333,50.54,61,6,15.08
152,Kjopsvik,NO,2022-07-09 00:42:10,68.097,16.3742,52.18,83,100,4.7
153,Khatanga,RU,2022-07-09 00:42:10,71.9667,102.5,46.6,87,100,13.53
154,Talnakh,RU,2022-07-09 00:42:10,69.4865,88.3972,51.21,72,99,3.94
155,Walvis Bay,NA,2022-07-09 00:42:10,-22.9575,14.5053,59.09,94,0,6.91
156,Severo-Kurilsk,RU,2022-07-09 00:42:11,50.6789,156.125,61.25,83,35,11.07
157,Airai,TL,2022-07-09 00:42:11,-8.9266,125.4092,63.01,84,74,3.24
158,Meulaboh,ID,2022-07-09 00:42:11,4.1363,96.1285,77.07,87,89,3.62
159,Mahanoro,MG,2022-07-09 00:42:12,-19.9,48.8,67.82,82,99,10.87
160,Myrtle Beach,US,2022-07-09 00:41:02,33.6891,-78.8867,83.05,87,100,12.66
161,Ahipara,NZ,2022-07-09 00:42:12,-35.1667,173.1667,61.77,84,0,12.06
162,Conde,BR,2022-07-09 00:42:12,-7.2597,-34.9075,72.86,94,75,8.05
163,Port Lincoln,AU,2022-07-09 00:42:13,-34.7333,135.8667,56.93,68,21,7.61
164,San Patricio,US,2022-07-09 00:42:13,28.017,-97.5169,93.54,60,7,15.08
165,Baykit,RU,2022-07-09 00:42:13,61.67,96.37,63.82,56,91,2.37
166,Bukama,CD,2022-07-09 00:42:13,-9.2,25.85,65.62,47,0,2.89
167,Sambava,MG,2022-07-09 00:42:14,-14.2667,50.1667,69.44,84,100,17.13
168,Butaritari,KI,2022-07-09 00:42:14,3.0707,172.7902,82.08,77,100,14.07
169,Presidencia Roque Saenz Pena,AR,2022-07-09 00:42:14,-26.7852,-60.4388,65.53,76,6,4.79
170,Baghdad,IQ,2022-07-09 00:38:38,33.3406,44.4009,91.31,19,0,11.5
171,Kroya,ID,2022-07-09 00:42:15,-7.6331,109.2461,75.85,77,9,3.15
172,Kruisfontein,ZA,2022-07-09 00:42:15,-34.0033,24.7314,58.89,28,0,12.26
173,Corpus Christi,US,2022-07-09 00:42:15,27.8006,-97.3964,91.63,70,40,18.41
174,Kutum,SD,2022-07-09 00:42:15,14.2,24.6667,77.4,46,100,11.63
175,Laguna,US,2022-07-09 00:42:16,38.421,-121.4238,99.32,26,0,10.36
176,Enterprise,US,2022-07-09 00:42:16,36.0252,-115.2419,106.9,4,40,14.97
177,Manta,EC,2022-07-09 00:42:16,-0.95,-80.7333,73.18,83,20,9.22
178,Port Hardy,CA,2022-07-09 00:42:15,50.6996,-127.4199,62.78,77,75,3.44
179,Salym,RU,2022-07-09 00:42:16,60.0625,71.4789,66.2,64,15,4.83
180,Saint George,US,2022-07-09 00:41:19,37.1041,-113.5841,104.63,11,0,18.41
181,Nesbyen,NO,2022-07-09 00:43:17,60.5681,9.1027,52.36,78,59,5.01
182,Yeppoon,AU,2022-07-09 00:43:17,-23.1333,150.7333,60.58,49,0,9.1
183,Mnogovershinnyy,RU,2022-07-09 00:43:17,53.9353,139.9242,84.67,54,91,0.94
184,Luanda,AO,2022-07-09 00:43:18,-8.8368,13.2343,66.18,93,93,6.22
185,Plastunovskaya,RU,2022-07-09 00:43:18,45.2939,39.2669,72.86,79,89,6.11
186,Auki,SB,2022-07-09 00:43:18,-8.7676,160.7034,84.69,56,8,3.6
187,Faanui,PF,2022-07-09 00:43:19,-16.4833,-151.75,78.17,68,0,7.02
188,Cherskiy,RU,2022-07-09 00:43:19,68.75,161.3,54.48,67,96,14.72
189,Nikolskoye,RU,2022-07-09 00:43:19,59.7035,30.7861,62.8,81,100,4.03
190,Kodiak,US,2022-07-09 00:43:19,57.79,-152.4072,54.91,94,100,18.41
191,Dolores,AR,2022-07-09 00:43:20,-36.3132,-57.6792,50.52,59,100,14.81
192,Tolga,DZ,2022-07-09 00:43:20,34.7222,5.3785,88.61,35,0,7.9
193,Civitavecchia,IT,2022-07-09 00:43:20,42.0933,11.7967,71.38,65,0,15.77
194,Teahupoo,PF,2022-07-09 00:43:21,-17.8333,-149.2667,75.16,72,1,4.99
195,Petropavlovsk-Kamchatskiy,RU,2022-07-09 00:38:41,53.0452,158.6483,84.79,42,0,4.47
196,Monrovia,LR,2022-07-09 00:42:54,6.3005,-10.7969,76.19,86,100,8.03
197,Acari,PE,2022-07-09 00:43:21,-15.4311,-74.6158,68.4,57,20,2.95
198,Hermanus,ZA,2022-07-09 00:43:21,-34.4187,19.2345,57.99,57,0,8.28
199,Riyadh,SA,2022-07-09 00:41:49,24.6877,46.7219,87.94,12,100,10.65
200,Saint-Louis,SN,2022-07-09 00:43:22,16.3333,-15.0,83.84,67,100,13.4
201,Tommot,RU,2022-07-09 00:43:22,58.9564,126.2925,65.12,64,100,6.91
202,Bayan,CN,2022-07-09 00:43:22,46.0833,127.4,77.11,69,9,11.99
203,Puerto Ayacucho,VE,2022-07-09 00:43:22,5.6639,-67.6236,76.75,89,96,1.23
204,Narsaq,GL,2022-07-09 00:43:23,60.9167,-46.05,55.62,81,100,2.13
205,Arklow,IE,2022-07-09 00:43:23,52.7931,-6.1414,63.09,92,2,5.82
206,Cayenne,GF,2022-07-09 00:43:23,4.9333,-52.3333,82.09,1,35,3.0
207,College,US,2022-07-09 00:43:23,64.8569,-147.8028,84.58,36,75,6.91
208,Alice Springs,AU,2022-07-09 00:43:24,-23.7,133.8833,45.95,66,0,0.0
209,Qaanaaq,GL,2022-07-09 00:43:24,77.484,-69.3632,39.33,83,100,4.18
210,Lagoa Santa,BR,2022-07-09 00:43:24,-19.6272,-43.8897,67.17,57,0,10.36
211,Lyaskelya,RU,2022-07-09 00:43:24,61.7667,31.0167,55.09,94,100,4.88
212,Noumea,NC,2022-07-09 00:43:25,-22.2763,166.4572,84.18,99,0,6.53
213,Mount Isa,AU,2022-07-09 00:43:25,-20.7333,139.5,60.57,39,0,13.8
214,Kununurra,AU,2022-07-09 00:43:25,-15.7667,128.7333,67.98,34,5,8.05
215,Porto Novo,BJ,2022-07-09 00:43:25,6.4965,2.6036,78.62,93,96,5.48
216,Luderitz,NA,2022-07-09 00:43:26,-26.6481,15.1594,56.75,78,0,5.32
217,Guarapari,BR,2022-07-09 00:43:26,-20.6667,-40.4975,69.89,82,100,7.11
218,San Cristobal,VE,2022-07-09 00:43:26,7.7669,-72.225,71.78,94,100,2.68
219,Melilla,ES,2022-07-09 00:41:57,35.2937,-2.9383,75.58,83,0,2.3
220,Olafsvik,IS,2022-07-09 00:43:26,64.8945,-23.7142,49.78,85,100,11.36
221,Turayf,SA,2022-07-09 00:43:27,31.6725,38.6637,73.65,43,0,6.91
222,Ajuchitlan,MX,2022-07-09 00:43:27,20.7167,-100.0167,71.13,49,91,18.07
223,Berbera,SO,2022-07-09 00:43:27,10.4396,45.0143,86.83,45,7,32.86
224,Fairbanks,US,2022-07-09 00:40:02,64.8378,-147.7164,83.08,35,75,6.91
225,Lata,PT,2022-07-09 00:43:28,40.1629,-8.3327,71.08,38,0,3.53
226,Hamilton,US,2022-07-09 00:41:43,39.1834,-84.5333,77.43,90,75,9.22
227,Saskylakh,RU,2022-07-09 00:44:28,71.9167,114.0833,59.85,38,100,14.23
228,Tasiilaq,GL,2022-07-09 00:44:28,65.6145,-37.6368,46.56,93,99,6.49
229,Batamshinskiy,KZ,2022-07-09 00:44:28,50.5594,58.2747,62.42,75,15,8.34
230,Nosy Varika,MG,2022-07-09 00:44:29,-20.5833,48.5333,67.44,82,94,8.81
231,Fort Nelson,CA,2022-07-09 00:44:29,58.8053,-122.7002,60.39,94,75,6.91
232,Katsuura,JP,2022-07-09 00:44:29,35.1333,140.3,78.75,69,100,7.09
233,Zaysan,KZ,2022-07-09 00:44:29,47.4667,84.8667,66.69,59,100,5.55
234,Termiz,UZ,2022-07-09 00:44:30,37.2242,67.2783,71.69,35,0,2.3
235,Longkou,CN,2022-07-09 00:44:30,37.6508,120.3286,81.59,69,39,9.04
236,Ahuimanu,US,2022-07-09 00:44:31,21.4447,-157.8378,80.31,79,100,13.8
237,Flin Flon,CA,2022-07-09 00:44:31,54.7682,-101.865,66.81,68,94,8.72
238,Port Elizabeth,ZA,2022-07-09 00:44:31,-33.918,25.5701,64.31,52,0,6.91
239,Qasigiannguit,GL,2022-07-09 00:44:31,68.8193,-51.1922,48.45,85,39,3.04
240,Portage,US,2022-07-09 00:44:32,41.1667,-81.1998,77.27,76,0,0.0
241,Hasaki,JP,2022-07-09 00:44:32,35.7333,140.8333,82.29,71,97,8.61
242,Dunedin,NZ,2022-07-09 00:44:33,-45.8742,170.5036,44.8,93,100,11.99
243,Clyde River,CA,2022-07-09 00:44:33,70.4692,-68.5914,39.43,81,0,5.75
244,Serabu,SL,2022-07-09 00:44:33,7.7958,-12.0536,73.15,97,99,1.81
245,Kismayo,SO,2022-07-09 00:39:55,-0.3582,42.5454,75.16,78,4,19.17
246,Trofors,NO,2022-07-09 00:44:33,65.5333,13.4063,49.87,94,100,6.85
247,Abu Dhabi,AE,2022-07-09 00:41:52,24.4667,54.3667,89.71,65,0,6.91
248,Kindu,CD,2022-07-09 00:44:34,-2.95,25.95,67.57,51,21,2.42
249,Omboue,GA,2022-07-09 00:44:34,-1.5746,9.2618,71.15,87,100,6.73
250,Viedma,AR,2022-07-09 00:44:34,-40.8135,-62.9967,50.38,27,100,19.77
251,Kollam,IN,2022-07-09 00:44:35,8.8833,76.6,77.16,88,100,16.89
252,Kangaatsiaq,GL,2022-07-09 00:44:35,68.3065,-53.4641,39.92,97,24,15.23
253,Evensk,RU,2022-07-09 00:44:35,61.95,159.2333,48.18,96,100,5.77
254,Solnechnyy,RU,2022-07-09 00:44:35,50.7214,136.6319,83.17,55,52,10.13
255,Svetlogorsk,BY,2022-07-09 00:44:36,52.6333,29.7333,61.54,70,100,3.33
256,Nanortalik,GL,2022-07-09 00:44:36,60.1432,-45.2371,45.7,84,100,7.72
257,Sisimiut,GL,2022-07-09 00:44:36,66.9395,-53.6735,49.17,70,18,10.76
258,Iskateley,RU,2022-07-09 00:44:36,67.6803,53.1512,56.25,71,2,14.79
259,Georgetown,MY,2022-07-09 00:43:04,5.4112,100.3354,82.33,92,20,5.01
260,Diffa,NE,2022-07-09 00:44:37,13.3154,12.6113,80.92,58,100,20.47
261,Hovd,MN,2022-07-09 00:44:37,48.0056,91.6419,66.16,39,3,0.67
262,Lakes Entrance,AU,2022-07-09 00:44:37,-37.8811,147.981,52.16,77,94,10.25
263,Faya,SA,2022-07-09 00:44:38,18.3851,42.4509,70.32,33,100,11.36
264,Magadan,RU,2022-07-09 00:44:38,59.5667,150.8,58.93,87,90,6.04
265,Vikhorevka,RU,2022-07-09 00:44:38,56.1201,101.1636,58.59,58,100,3.0
266,Neiafu,TO,2022-07-09 00:44:38,-18.65,-173.9833,79.48,73,40,9.22
267,Fare,PF,2022-07-09 00:44:39,-16.7,-151.0167,78.24,67,0,7.29
268,Manyana,BW,2022-07-09 00:44:39,-23.4,21.7167,51.24,40,0,7.61
269,Codrington,AU,2022-07-09 00:44:39,-38.2667,141.9667,52.57,77,52,8.5
270,Evanston,US,2022-07-09 00:42:08,42.0411,-87.6901,73.92,85,100,19.57
271,Galveston,US,2022-07-09 00:45:40,29.3669,-94.9669,92.17,69,0,13.8
272,Lagoa,PT,2022-07-09 00:44:25,39.05,-27.9833,65.64,80,100,14.45
273,High Prairie,CA,2022-07-09 00:45:40,55.4334,-116.4858,71.92,50,18,4.09
274,Darovskoy,RU,2022-07-09 00:45:41,58.77,47.9564,61.21,98,100,4.16
275,Svetlaya,RU,2022-07-09 00:45:41,46.5389,138.3297,67.51,85,92,8.72
276,Port Alfred,ZA,2022-07-09 00:45:41,-33.5906,26.891,62.87,33,0,9.19
277,New Norfolk,AU,2022-07-09 00:45:42,-42.7826,147.0587,51.3,86,100,1.99
278,Takoradi,GH,2022-07-09 00:45:42,4.8845,-1.7554,75.29,90,93,11.77
279,Cabo San Lucas,MX,2022-07-09 00:45:42,22.8909,-109.9124,94.6,57,22,10.29
280,Comodoro Rivadavia,AR,2022-07-09 00:45:03,-45.8667,-67.5,51.66,40,0,17.27
281,Tabou,CI,2022-07-09 00:45:43,4.423,-7.3528,75.67,83,100,9.53
282,Kaitangata,NZ,2022-07-09 00:45:43,-46.2817,169.8464,45.12,86,100,16.78
283,Okhotsk,RU,2022-07-09 00:45:43,59.3833,143.3,69.4,54,99,12.39
284,Tocopilla,CL,2022-07-09 00:45:43,-22.092,-70.1979,63.37,72,91,5.86
285,Kenora,CA,2022-07-09 00:45:44,49.8167,-94.4337,76.17,41,75,8.05
286,Mancio Lima,BR,2022-07-09 00:45:44,-7.6142,-72.8958,78.87,89,75,2.3
287,Colares,PT,2022-07-09 00:41:34,38.7992,-9.4469,86.99,56,0,9.8
288,Almaznyy,RU,2022-07-09 00:45:44,48.0448,40.045,67.21,35,17,4.36
289,Hobart,AU,2022-07-09 00:41:15,-42.8794,147.3294,49.86,93,75,13.8
290,Sovetskoye,RU,2022-07-09 00:45:45,52.2861,85.4131,59.9,83,7,4.12
291,Ouesso,CG,2022-07-09 00:45:45,1.6136,16.0517,74.89,80,100,2.06
292,Rabo De Peixe,PT,2022-07-09 00:45:45,37.8,-25.5833,65.28,86,40,10.36
293,Batagay,RU,2022-07-09 00:45:45,67.6333,134.6333,39.54,96,100,2.42
294,Tukrah,LY,2022-07-09 00:45:46,32.5341,20.5791,77.99,91,36,7.25
295,Constitucion,CL,2022-07-09 00:45:46,-35.3333,-72.4167,52.05,84,100,17.56
296,Wanning,CN,2022-07-09 00:45:46,18.8003,110.3967,84.58,80,85,4.76
297,Pevek,RU,2022-07-09 00:45:46,69.7008,170.3133,52.92,80,100,25.57
298,Henties Bay,NA,2022-07-09 00:45:47,-22.116,14.2845,57.38,88,0,5.3
299,Dickinson,US,2022-07-09 00:45:47,29.4608,-95.0513,94.08,65,0,14.97
300,Cabedelo,BR,2022-07-09 00:45:47,-6.9811,-34.8339,74.07,84,7,15.08
301,Champerico,GT,2022-07-09 00:45:47,14.3,-91.9167,81.14,81,6,6.26
302,Westport,US,2022-07-09 00:45:16,41.1415,-73.3579,78.4,85,0,8.05
303,Kasongo-Lunda,CD,2022-07-09 00:45:48,-6.4667,16.8167,66.63,47,19,0.96
304,Srednekolymsk,RU,2022-07-09 00:45:48,67.45,153.6833,45.54,90,100,14.36
305,Esperance,AU,2022-07-09 00:45:48,-33.8667,121.9,58.57,59,53,23.51
306,San Carlos,VE,2022-07-09 00:45:49,9.6612,-68.5827,73.02,95,60,1.79
307,Tuatapere,NZ,2022-07-09 00:45:49,-46.1333,167.6833,45.18,85,100,12.82
308,Axim,GH,2022-07-09 00:45:49,4.8699,-2.2405,75.83,89,67,11.9
309,Dingle,PH,2022-07-09 00:45:49,10.9995,122.6711,81.68,81,100,9.26
310,Egvekinot,RU,2022-07-09 00:45:50,66.3167,-179.1667,44.19,90,100,11.5
311,Richards Bay,ZA,2022-07-09 00:45:50,-28.783,32.0377,63.82,88,0,8.9
312,Banyo,CM,2022-07-09 00:45:50,6.75,11.8167,64.15,96,100,1.9
313,Nome,US,2022-07-09 00:45:50,64.5011,-165.4064,70.11,71,0,12.66
314,Gizo,SB,2022-07-09 00:45:51,-8.103,156.8419,83.52,66,86,5.03
315,Tymovskoye,RU,2022-07-09 00:45:51,50.8456,142.655,82.62,44,0,7.29
316,Port Blair,IN,2022-07-09 00:45:51,11.6667,92.75,78.84,89,100,4.61
317,Burnie,AU,2022-07-09 00:45:51,-41.0667,145.9167,52.95,61,100,7.25
318,Abalak,RU,2022-07-09 00:45:52,58.1286,68.5944,64.11,69,58,3.0
319,Vestmannaeyjar,IS,2022-07-09 00:46:52,63.4427,-20.2734,50.09,87,100,8.72
320,Turukhansk,RU,2022-07-09 00:46:52,65.8167,87.9833,64.8,74,100,8.59
321,Novopokrovka,UA,2022-07-09 00:46:52,49.8425,36.5477,70.52,54,97,9.33
322,Aksarayskiy,RU,2022-07-09 00:46:53,46.7924,48.0119,71.2,34,74,8.16
323,Afsin,TR,2022-07-09 00:46:53,38.2477,36.914,65.14,53,0,3.49
324,Utiel,ES,2022-07-09 00:46:53,39.5667,-1.2,67.39,62,0,4.29
325,Carmen,MX,2022-07-09 00:46:53,18.6333,-91.8333,82.24,77,15,15.17
326,Kupang,ID,2022-07-09 00:46:54,-10.1667,123.5833,77.76,81,40,14.41
327,Honiara,SB,2022-07-09 00:46:54,-9.4333,159.95,88.0,48,59,8.95
328,Mount Pleasant,US,2022-07-09 00:46:54,32.7941,-79.8626,81.0,82,0,8.01
329,Broome,US,2022-07-09 00:46:54,42.2506,-75.833,72.64,79,100,3.91
330,San Policarpo,PH,2022-07-09 00:46:55,12.1791,125.5072,82.62,81,44,1.92
331,Harper,LR,2022-07-09 00:46:55,4.375,-7.7169,75.54,83,100,9.51
332,Longyearbyen,SJ,2022-07-09 00:46:55,78.2186,15.6401,43.02,76,19,3.31
333,Tuim,RU,2022-07-09 00:46:55,54.3417,89.9261,62.51,67,10,1.54
334,San Juan,AR,2022-07-09 00:43:41,-31.5375,-68.5364,51.12,32,0,2.98
335,Usinsk,RU,2022-07-09 00:46:56,65.9939,57.5281,60.71,72,6,10.0
336,Segou,ML,2022-07-09 00:46:56,13.4317,-6.2157,83.97,58,100,15.75
337,Howard Springs,AU,2022-07-09 00:46:56,-12.497,131.047,74.82,55,84,11.27
338,Kieta,PG,2022-07-09 00:46:57,-6.2167,155.6333,84.88,59,58,6.64
339,Poum,NC,2022-07-09 00:46:57,-20.2333,164.0167,77.94,81,4,13.24
340,Pozo Colorado,PY,2022-07-09 00:46:57,-23.4923,-58.7972,73.78,62,100,4.12
341,Felipe Carrillo Puerto,MX,2022-07-09 00:46:57,19.5833,-88.05,80.37,76,40,5.21
342,Yulara,AU,2022-07-09 00:46:58,-25.2406,130.9889,51.89,52,0,15.75
343,Rincon,US,2022-07-09 00:43:24,32.296,-81.2354,79.86,90,75,5.75
344,Tiksi,RU,2022-07-09 00:46:58,71.6872,128.8694,46.44,58,100,8.77
345,Adrar,MR,2022-07-09 00:46:58,20.5022,-10.0711,94.51,25,74,8.01
346,Sitka,US,2022-07-09 00:46:58,57.0531,-135.33,57.09,82,100,5.75
347,Straumen,NO,2022-07-09 00:46:59,63.8709,11.2999,50.0,90,100,10.47
348,Usak,TR,2022-07-09 00:46:59,38.5,29.4167,64.92,66,0,4.43
349,Middleton,GB,2022-07-09 00:42:20,53.55,-2.2,61.99,91,100,8.7
350,Rocha,UY,2022-07-09 00:46:59,-34.4833,-54.3333,48.67,73,98,13.87
351,Osypenko,UA,2022-07-09 00:47:00,46.9136,36.8253,71.1,41,32,10.33
352,Agadez,NE,2022-07-09 00:47:00,19.75,10.25,86.04,11,0,12.64
353,Bengkulu,ID,2022-07-09 00:47:00,-3.8004,102.2655,77.27,81,15,2.57
354,Nouadhibou,MR,2022-07-09 00:47:00,20.931,-17.0347,69.78,88,3,9.22
355,Bay Roberts,CA,2022-07-09 00:47:01,47.5999,-53.2648,58.75,86,11,1.01
356,Kromy,RU,2022-07-09 00:47:01,52.6876,35.7667,60.94,94,100,2.77
357,Lebu,CL,2022-07-09 00:47:01,-37.6167,-73.65,52.23,82,100,27.45
358,Arraial Do Cabo,BR,2022-07-09 00:47:01,-22.9661,-42.0278,69.62,85,47,13.24
359,Nkhotakota,MW,2022-07-09 00:47:02,-12.9274,34.2961,65.89,73,44,7.36
360,Buritama,BR,2022-07-09 00:47:02,-21.0661,-50.1472,68.02,44,59,7.27
361,Los Llanos De Aridane,ES,2022-07-09 00:47:02,28.6585,-17.9182,71.13,47,0,19.57
362,Glenwood Springs,US,2022-07-09 00:47:02,39.5505,-107.3248,94.12,26,0,8.05
363,Carnarvon,AU,2022-07-09 00:47:03,-24.8667,113.6333,67.44,35,0,8.5
364,Igarka,RU,2022-07-09 00:47:03,67.4667,86.5833,57.51,74,100,3.27
365,Katherine,AU,2022-07-09 00:47:03,-14.4667,132.2667,70.12,32,91,20.71
366,Lodi,US,2022-07-09 00:46:57,38.1302,-121.2725,95.58,31,3,8.01
367,Madimba,TZ,2022-07-09 00:48:04,-10.4,40.3333,68.59,86,5,10.33
368,Saint-Georges,GD,2022-07-09 00:48:04,12.0564,-61.7485,80.28,89,20,13.8
369,Nishihara,JP,2022-07-09 00:48:04,26.1842,127.7558,87.08,84,75,12.66
370,Marrakesh,MA,2022-07-09 00:48:04,31.6315,-8.0083,91.47,24,40,4.61
371,Lodja,CD,2022-07-09 00:48:05,-3.4833,23.4333,67.98,43,17,2.51
372,Vao,NC,2022-07-09 00:48:05,-22.6667,167.4833,75.36,84,4,9.75
373,Cidreira,BR,2022-07-09 00:48:05,-30.1811,-50.2056,61.14,83,11,16.6
374,Bucerias,MX,2022-07-09 00:45:18,20.75,-105.3333,78.98,94,100,4.61
375,Oktyabrskoye,RU,2022-07-09 00:48:05,43.0645,44.7417,64.54,94,36,0.0
376,Cajati,BR,2022-07-09 00:48:06,-24.7361,-48.1228,61.3,99,76,1.52
377,Houston,US,2022-07-09 00:45:26,29.7633,-95.3633,97.3,57,0,16.11
378,Awjilah,LY,2022-07-09 00:48:06,29.1081,21.2869,81.03,42,0,10.07
379,Chakwal,PK,2022-07-09 00:48:06,32.9334,72.8585,85.06,70,91,10.31
380,Biak,ID,2022-07-09 00:48:06,-0.9131,122.8766,77.65,85,98,6.46
381,Saint Anthony,US,2022-07-09 00:46:09,45.0205,-93.218,78.96,68,20,6.91
382,Sao Filipe,CV,2022-07-09 00:48:07,14.8961,-24.4956,73.6,81,99,8.66
383,High Level,CA,2022-07-09 00:45:35,58.5169,-117.136,73.51,56,40,8.05
384,Fortuna,US,2022-07-09 00:48:07,40.5982,-124.1573,70.93,75,20,5.01
385,Barra,BR,2022-07-09 00:47:26,-11.0894,-43.1417,74.68,60,0,11.39
386,Athabasca,CA,2022-07-09 00:46:10,54.7169,-113.2854,68.41,78,35,6.96
387,Puerto Narino,CO,2022-07-09 00:48:07,-3.7703,-70.3831,73.06,98,60,2.17
388,Port Hedland,AU,2022-07-09 00:48:08,-20.3167,118.5667,64.45,19,0,17.27
389,Hami,CN,2022-07-09 00:48:08,42.8,93.45,84.33,16,0,11.43
390,Key West,US,2022-07-09 00:48:08,24.5557,-81.7826,91.4,67,20,10.36
391,Yarada,IN,2022-07-09 00:48:09,17.65,83.2667,79.12,94,75,2.3
392,Maniitsoq,GL,2022-07-09 00:48:09,65.4167,-52.9,43.61,82,100,11.81
393,Lorengau,PG,2022-07-09 00:48:09,-2.0226,147.2712,81.9,81,100,10.6
394,Zhigansk,RU,2022-07-09 00:48:09,66.7697,123.3711,56.95,45,35,3.67
395,Sena Madureira,BR,2022-07-09 00:48:10,-9.0656,-68.6569,76.46,60,25,1.23
396,Vostok,RU,2022-07-09 00:48:10,46.4856,135.8833,78.33,54,100,3.0
397,Wanlaweyn,SO,2022-07-09 00:48:10,2.6185,44.8938,70.93,85,41,15.03
398,Salalah,OM,2022-07-09 00:48:10,17.0151,54.0924,77.09,100,100,6.91
399,Mahina,PF,2022-07-09 00:48:11,-17.5065,-149.489,80.37,65,75,2.3
400,Akyab,MM,2022-07-09 00:48:11,20.15,92.9,81.43,83,81,10.0
401,Goderich,CA,2022-07-09 00:48:11,43.7501,-81.7165,66.52,68,100,10.36
402,Caranavi,BO,2022-07-09 00:48:11,-15.8167,-67.55,60.89,95,51,2.44
403,Chuy,UY,2022-07-09 00:48:12,-33.6971,-53.4616,51.57,75,99,12.95
404,Miquelon,PM,2022-07-09 00:48:12,47.0975,-56.3814,53.6,86,58,9.01
405,Houma,US,2022-07-09 00:48:12,29.5958,-90.7195,87.01,81,0,4.61
406,Buraydah,SA,2022-07-09 00:44:48,26.326,43.975,86.45,13,66,9.24
407,Chebarkul,RU,2022-07-09 00:48:12,54.9749,60.3633,60.89,89,100,4.43
408,Naze,JP,2022-07-09 00:48:13,28.3667,129.4833,85.12,83,83,15.08
409,Maarianhamina,AX,2022-07-09 00:48:13,60.0973,19.9348,62.46,77,100,6.91
410,Lake City,US,2022-07-09 00:48:13,30.1897,-82.6393,78.51,94,40,0.0
411,Asau,RO,2022-07-09 00:48:13,46.4333,26.4,58.28,79,100,5.26
412,Luau,AO,2022-07-09 00:48:14,-10.7073,22.2247,56.48,54,18,2.82
413,Kaohsiung,TW,2022-07-09 00:48:14,22.6163,120.3133,89.04,70,40,4.61
414,Kiunga,PG,2022-07-09 00:49:14,-6.1219,141.2906,74.55,98,100,2.71
415,Merauke,ID,2022-07-09 00:49:14,-8.4667,140.3333,80.51,77,33,11.16
416,Avera,US,2022-07-09 00:49:15,33.194,-82.5271,77.05,95,90,7.02
417,Raudeberg,NO,2022-07-09 00:49:15,61.9875,5.1352,50.67,80,100,23.85
418,Valparaiso,CL,2022-07-09 00:48:15,-33.0393,-71.6273,53.47,83,75,5.75
419,Gerash,IR,2022-07-09 00:49:15,27.6652,54.1371,84.34,63,41,3.27
420,Husavik,IS,2022-07-09 00:49:16,66.0449,-17.3389,45.72,80,84,5.35
421,Maridi,SS,2022-07-09 00:49:16,4.9158,29.4742,66.54,97,98,0.49
422,Leshukonskoye,RU,2022-07-09 00:49:16,64.8989,45.7622,56.8,65,77,6.53
423,Okitipupa,NG,2022-07-09 00:49:16,6.5047,4.7839,73.33,99,100,1.63
424,Northam,GB,2022-07-09 00:49:17,51.0333,-4.2167,59.61,92,0,7.81
425,Iquitos,PE,2022-07-09 00:49:17,-3.7481,-73.2472,77.04,100,40,0.0
426,San Luis,AR,2022-07-09 00:45:59,-33.295,-66.3356,47.05,54,0,6.35
427,Kishi,NG,2022-07-09 00:49:17,9.0833,3.85,72.16,92,99,8.5
428,Kushikino,JP,2022-07-09 00:49:18,31.7167,130.2667,81.86,77,2,7.27
429,Dunmore Town,BS,2022-07-09 00:49:18,25.5,-76.65,82.71,75,5,14.38
430,Sokolo,ML,2022-07-09 00:49:18,14.7328,-6.1219,90.36,42,68,10.63
431,Katwa,IN,2022-07-09 00:49:18,23.6399,88.128,82.96,78,16,10.65
432,Korla,CN,2022-07-09 00:49:19,41.7597,86.1469,80.89,20,9,7.05
433,Sioux Lookout,CA,2022-07-09 00:49:19,50.1001,-91.917,77.07,38,40,3.44
434,Poiana Mare,RO,2022-07-09 00:49:19,43.9167,23.0667,64.29,81,100,3.44
435,Erenhot,CN,2022-07-09 00:49:19,43.6475,111.9767,73.78,31,85,1.77
436,Ati,TD,2022-07-09 00:49:20,13.2154,18.3353,79.07,65,100,11.45
437,Gaoual,GN,2022-07-09 00:49:20,11.75,-13.2,74.44,97,100,3.15
438,Pyay,MM,2022-07-09 00:49:20,18.8167,95.2167,80.15,83,100,3.6
439,Bathsheba,BB,2022-07-09 00:49:21,13.2167,-59.5167,81.21,92,40,16.11
440,Ginda,IN,2022-07-09 00:49:21,30.6945,78.4932,67.59,98,100,1.72
441,Gilbues,BR,2022-07-09 00:49:21,-9.8317,-45.3439,72.75,45,4,4.76
442,Karratha,AU,2022-07-09 00:49:21,-20.7377,116.8463,64.2,22,3,16.67
443,Valdivia,CL,2022-07-09 00:49:22,-39.8142,-73.2459,51.89,92,100,7.23
444,Hoshcha,UA,2022-07-09 00:49:22,50.6003,26.6744,61.32,67,100,5.06
445,Vanimo,PG,2022-07-09 00:49:22,-2.6741,141.3028,85.03,64,99,3.33
446,Samarai,PG,2022-07-09 00:49:22,-10.6167,150.6667,82.96,70,61,7.49
447,Haines Junction,CA,2022-07-09 00:49:23,60.7522,-137.5108,69.75,37,20,10.36
448,Magog,CA,2022-07-09 00:46:00,45.2668,-72.1491,70.23,52,21,9.22
449,Pangnirtung,CA,2022-07-09 00:49:23,66.1451,-65.7125,50.68,71,100,2.35
450,Adeje,ES,2022-07-09 00:49:23,28.1227,-16.726,84.11,51,0,6.91
451,Vila,PT,2022-07-09 00:49:23,42.0304,-8.1588,68.88,74,0,4.5
452,Hofn,IS,2022-07-09 00:49:24,64.2539,-15.2082,49.12,88,68,4.34
453,Mazatlan,MX,2022-07-09 00:48:15,23.2167,-106.4167,87.03,83,85,5.99
454,Krasnogvardeyets,RU,2022-07-09 00:49:24,52.6804,52.3635,64.08,66,0,0.72
455,General Jose Eduvigis Diaz,PY,2022-07-09 00:49:24,-27.1667,-58.4167,69.84,75,92,3.22
456,Vila Velha,BR,2022-07-09 00:49:24,-20.3297,-40.2925,71.55,88,75,4.61
457,Dwarka,IN,2022-07-09 00:49:25,22.2394,68.9678,82.71,83,100,23.64
458,Llangefni,GB,2022-07-09 00:49:25,53.2556,-4.3106,62.65,91,75,4.61
459,Newala,TZ,2022-07-09 00:49:25,-10.9431,39.2787,58.44,95,15,4.85
460,Kudahuvadhoo,MV,2022-07-09 00:49:26,2.6708,72.8944,82.13,75,88,10.38
461,Luwuk,ID,2022-07-09 00:49:26,-0.9516,122.7875,78.87,88,98,5.19
462,Reconquista,AR,2022-07-09 00:49:26,-29.15,-59.65,62.94,93,9,6.38
463,Camacha,PT,2022-07-09 00:50:26,33.0833,-16.3333,63.82,88,40,14.97
464,Teberda,RU,2022-07-09 00:50:27,43.4456,41.7448,54.63,83,6,6.8
465,Sur,OM,2022-07-09 00:50:27,22.5667,59.5289,83.88,79,95,8.97
466,Pacific Grove,US,2022-07-09 00:50:27,36.6177,-121.9166,82.22,79,20,11.5
467,Olhao,PT,2022-07-09 00:46:14,37.0286,-7.8411,79.09,71,0,2.3
468,Wanaka,NZ,2022-07-09 00:50:27,-44.7,169.15,41.11,95,100,1.01
469,Sheregesh,RU,2022-07-09 00:50:28,52.9209,87.9869,59.9,92,41,3.09
470,Acapulco,MX,2022-07-09 00:49:51,16.8634,-99.8901,82.53,80,100,7.07
471,Mathathane,BW,2022-07-09 00:50:28,-22.2687,28.7495,54.93,70,0,5.77
472,Alofi,NU,2022-07-09 00:50:28,-19.0595,-169.9187,75.09,78,28,11.5
473,Anshun,CN,2022-07-09 00:50:28,26.25,105.9333,69.35,88,100,6.58
474,San Andres,CO,2022-07-09 00:50:29,12.5847,-81.7006,84.22,74,75,13.8
475,Bani Walid,LY,2022-07-09 00:50:29,31.7566,13.9942,75.78,56,0,10.33
476,Lormi,IN,2022-07-09 00:50:29,22.2833,81.7333,80.82,80,23,4.94
477,Agucadoura,PT,2022-07-09 00:50:29,41.4318,-8.7804,80.24,52,0,7.07
478,Kantilo,IN,2022-07-09 00:50:30,20.35,85.1833,80.71,87,68,6.17
479,Grindavik,IS,2022-07-09 00:50:30,63.8424,-22.4338,49.95,87,100,10.36
480,Zaragoza,ES,2022-07-09 00:50:30,41.6561,-0.8773,72.01,54,0,11.5
481,Aksarka,RU,2022-07-09 00:50:31,66.5606,67.7975,62.11,75,100,18.16
482,Kropotkin,RU,2022-07-09 00:50:31,45.4375,40.5756,66.49,77,93,4.81
483,Ca Mau,VN,2022-07-09 00:50:31,9.1769,105.15,81.05,85,100,4.7
484,Nong Ki,TH,2022-07-09 00:50:31,14.6868,102.538,79.52,86,100,6.55
485,Diego De Almagro,CL,2022-07-09 00:48:09,-26.3667,-70.05,56.34,51,98,2.86
486,Barahona,DO,2022-07-09 00:50:32,18.2085,-71.1008,79.09,82,99,6.44
487,Quesnel,CA,2022-07-09 00:49:28,52.9999,-122.5029,61.3,77,20,9.22
488,Mecca,SA,2022-07-09 00:50:32,21.4267,39.8261,86.27,23,100,6.67
489,Seymchan,RU,2022-07-09 00:50:32,62.8833,152.4333,80.92,32,5,21.74
490,Ozinki,RU,2022-07-09 00:50:33,51.1786,49.6769,67.64,44,13,6.11
491,Bludenz,AT,2022-07-09 00:50:33,47.1497,9.8167,56.86,71,6,1.01
492,Long Beach,US,2022-07-09 00:50:33,33.767,-118.1892,88.52,72,0,16.11
493,Saint-Augustin,CA,2022-07-09 00:50:33,51.226,-58.6502,54.5,80,99,6.6
494,Adre,TD,2022-07-09 00:50:34,13.4667,22.2,74.28,65,100,9.08
495,Prieska,ZA,2022-07-09 00:50:34,-29.6641,22.7474,53.76,36,0,6.06
496,Sinnamary,GF,2022-07-09 00:50:34,5.3833,-52.95,77.86,87,58,7.0
497,Road Town,VG,2022-07-09 00:47:59,18.4167,-64.6167,84.24,74,40,14.97
498,Tamandare,BR,2022-07-09 00:50:34,-8.7597,-35.1047,74.19,85,2,10.45
499,Nivala,FI,2022-07-09 00:50:35,63.9167,24.9667,51.71,84,100,4.41
500,West Bay,KY,2022-07-09 00:50:35,19.3667,-81.4167,86.07,75,20,8.05
501,Shimoda,JP,2022-07-09 00:50:35,34.6667,138.95,77.36,83,100,5.91
502,Sibolga,ID,2022-07-09 00:50:35,1.7427,98.7792,78.94,77,98,2.13
503,Pontianak,ID,2022-07-09 00:50:36,-0.0333,109.3333,76.98,83,40,4.61
504,Taveta,KE,2022-07-09 00:50:36,-3.3963,37.6736,60.87,89,47,5.95
505,Beringovskiy,RU,2022-07-09 00:50:36,63.05,179.3167,56.12,73,100,14.41
506,Coquimbo,CL,2022-07-09 00:50:36,-29.9533,-71.3436,56.93,71,100,3.44
507,Balestrand,NO,2022-07-09 00:50:37,61.2076,6.5334,52.16,92,100,6.38
508,Arinos,BR,2022-07-09 00:50:37,-15.9169,-46.1056,65.52,53,4,2.04
509,Mackay,AU,2022-07-09 00:50:34,-21.15,149.2,67.68,54,0,11.68
510,Syriam,MM,2022-07-09 00:51:37,16.7722,96.2378,78.91,94,75,5.75
511,Liancheng,CN,2022-07-09 00:51:38,24.0519,105.075,71.76,85,38,1.48
512,Olinda,BR,2022-07-09 00:51:38,-8.0089,-34.8553,76.73,83,40,12.66
513,Portland,US,2022-07-09 00:51:13,45.5234,-122.6762,83.61,47,20,6.91
514,Barcelona,ES,2022-07-09 00:49:13,41.3888,2.159,79.54,59,0,5.01
515,Sorong,ID,2022-07-09 00:51:39,-0.8833,131.25,78.15,86,100,5.95
516,Boddam,GB,2022-07-09 00:51:39,57.4667,-1.7833,55.78,81,75,16.55
517,Ulaangom,MN,2022-07-09 00:51:39,49.9811,92.0667,67.84,46,48,5.44
518,Hibbing,US,2022-07-09 00:51:39,47.4272,-92.9377,76.42,49,0,8.05
519,Banes,CU,2022-07-09 00:51:40,20.9625,-75.7186,80.15,77,26,11.23
520,Zinapecuaro,MX,2022-07-09 00:51:40,19.8667,-100.8167,74.05,85,90,3.51
521,Yerbogachen,RU,2022-07-09 00:51:40,61.2767,108.0108,58.26,68,99,6.87
522,Cap Malheureux,MU,2022-07-09 00:51:40,-19.9842,57.6142,67.46,68,0,4.0
523,Elko,US,2022-07-09 00:51:41,41.0002,-115.5012,95.02,8,100,15.95
524,Gustavo Diaz Ordaz,MX,2022-07-09 00:51:41,26.2333,-98.5833,94.03,57,11,3.0
525,Aksu,CN,2022-07-09 00:51:41,41.1231,80.2644,79.61,35,95,6.38
526,Garowe,SO,2022-07-09 00:51:41,8.4054,48.4845,73.49,61,2,30.98
527,Iqaluit,CA,2022-07-09 00:46:58,63.7506,-68.5145,40.73,86,40,10.36
528,Lodwar,KE,2022-07-09 00:51:42,3.1191,35.5973,77.31,52,98,18.9
529,San Miguel,SV,2022-07-09 00:47:23,13.4833,-88.1833,91.0,62,0,2.3
530,Tres Arroyos,AR,2022-07-09 00:48:13,-38.3739,-60.2798,51.93,29,98,15.37
531,Aklavik,CA,2022-07-09 00:51:42,68.2191,-135.0107,76.06,44,33,17.78
532,Kampene,CD,2022-07-09 00:51:42,-3.6,26.6667,65.17,56,4,2.3
533,Lander,US,2022-07-09 00:51:43,42.833,-108.7307,96.12,9,0,5.75
534,Majene,ID,2022-07-09 00:51:43,-3.5403,118.9707,81.1,77,75,6.91
535,Oistins,BB,2022-07-09 00:51:43,13.0667,-59.5333,80.69,89,40,16.11
536,Deqing,CN,2022-07-09 00:51:43,30.5448,119.9599,90.82,66,28,3.33
537,Mangai,CD,2022-07-09 00:51:44,-4.05,19.5333,69.49,45,73,1.57
538,Sao Gabriel Da Cachoeira,BR,2022-07-09 00:51:44,-0.1303,-67.0892,73.26,98,86,2.66
539,Codigoro,IT,2022-07-09 00:51:44,44.8311,12.1142,71.6,62,0,7.11
540,Tura,IN,2022-07-09 00:51:44,25.5198,90.2201,77.58,84,10,3.8
541,Atasu,KZ,2022-07-09 00:51:45,48.6814,71.6433,59.59,78,41,10.16
542,Quelimane,MZ,2022-07-09 00:51:45,-17.8786,36.8883,66.15,94,0,0.0
543,Ribeira Brava,PT,2022-07-09 00:51:45,32.65,-17.0667,69.12,60,4,1.16
544,Stornoway,GB,2022-07-09 00:51:46,58.2093,-6.3865,53.56,89,100,5.75
545,Shemonaikha,KZ,2022-07-09 00:51:46,50.6328,81.9056,61.59,82,70,2.55
546,Xuddur,SO,2022-07-09 00:51:46,4.1213,43.8894,69.48,75,100,21.56
547,Uvinza,TZ,2022-07-09 00:51:46,-5.1036,30.3911,61.43,60,1,3.74
548,Manicore,BR,2022-07-09 00:51:47,-5.8092,-61.3003,78.75,89,0,0.0
549,Vallenar,CL,2022-07-09 00:48:16,-28.5708,-70.7581,55.6,68,0,2.17
550,Quang Ngai,VN,2022-07-09 00:51:47,15.1167,108.8,77.2,92,100,4.36
551,Buala,SB,2022-07-09 00:51:47,-8.145,159.5921,84.47,59,15,10.36
552,Tilichiki,RU,2022-07-09 00:51:47,60.4667,166.1,59.34,78,94,7.4
553,Elk Point,US,2022-07-09 00:51:48,42.6833,-96.6836,84.04,71,11,6.78
554,Sumbuya,SL,2022-07-09 00:51:48,7.6467,-11.9611,73.47,96,99,1.66
555,Capitao Poco,BR,2022-07-09 00:48:19,-1.7464,-47.0594,72.79,87,4,4.92
556,Ambon,ID,2022-07-09 00:51:48,-3.6954,128.1814,81.23,13,75,5.75
557,Bodden Town,KY,2022-07-09 00:52:49,19.2833,-81.25,86.0,71,20,8.05
558,Visby,SE,2022-07-09 00:50:07,57.6409,18.296,59.83,94,40,4.61
559,Pizarro,CO,2022-07-09 00:52:49,4.9533,-77.366,77.04,92,98,5.17
560,Andros Town,BS,2022-07-09 00:52:49,24.7,-77.7667,84.16,74,3,13.82
561,Daru,PG,2022-07-09 00:52:49,-9.0763,143.2092,79.41,87,99,14.9
562,Mubende,UG,2022-07-09 00:52:50,0.5606,31.39,64.31,67,100,1.48
563,Sokoto,NG,2022-07-09 00:52:50,13.0609,5.239,81.72,60,100,12.62
564,Plavsk,RU,2022-07-09 00:52:50,53.7094,37.2919,58.95,87,100,6.4
565,Pingliang,CN,2022-07-09 00:52:50,35.5392,106.6861,81.73,45,100,0.87
566,Shakiso,ET,2022-07-09 00:52:51,5.75,38.9167,55.87,96,100,2.15
567,Pedasi,PA,2022-07-09 00:52:51,7.5333,-80.0333,79.07,84,100,5.97
568,Havre-Saint-Pierre,CA,2022-07-09 00:52:51,50.2334,-63.5986,59.36,82,100,5.75
569,Manono,CD,2022-07-09 00:52:51,-7.3,27.4167,67.3,43,0,2.26
570,Vapi,IN,2022-07-09 00:52:52,20.3718,72.9049,79.45,91,100,12.46
571,Socorro,US,2022-07-09 00:52:52,31.6546,-106.3033,94.86,43,53,30.22
572,Kapoeta,SS,2022-07-09 00:52:52,4.7717,33.5903,72.37,69,53,15.37
573,Yuryuzan,RU,2022-07-09 00:52:52,54.8633,58.4219,59.32,93,64,2.51
574,Batticaloa,LK,2022-07-09 00:52:53,7.7102,81.6924,80.69,68,100,7.49
575,Ratnagiri,IN,2022-07-09 00:52:53,16.9833,73.3,79.38,88,100,20.67
576,Suhbaatar,MN,2022-07-09 00:52:53,50.2314,106.2078,58.57,88,100,4.0
577,Barra Patuca,HN,2022-07-09 00:52:53,15.8,-84.2833,79.61,86,83,9.46
578,Plouzane,FR,2022-07-09 00:49:07,48.3833,-4.6167,60.85,91,0,6.91
579,Touros,BR,2022-07-09 00:52:54,-5.1989,-35.4608,73.62,90,7,14.18
580,Bonavista,CA,2022-07-09 00:52:54,48.6499,-53.1147,55.4,84,100,11.86
581,Chabahar,IR,2022-07-09 00:52:54,25.2919,60.643,83.32,85,94,5.19
582,Bandarban,BD,2022-07-09 00:52:55,22.1965,92.2262,78.42,91,99,2.3
583,Feni,BD,2022-07-09 00:52:55,23.0186,91.41,80.47,84,92,6.13
584,Shiyan,CN,2022-07-09 00:52:55,32.6475,110.7781,87.31,71,53,1.3
585,Taoudenni,ML,2022-07-09 00:52:55,22.6783,-3.9836,99.9,14,0,7.05
586,Liwonde,MW,2022-07-09 00:52:56,-15.0506,35.2035,62.1,83,44,2.13
587,Hualmay,PE,2022-07-09 00:52:56,-11.0964,-77.6139,62.71,79,9,6.38
588,Nurota,UZ,2022-07-09 00:52:56,40.5614,65.6886,71.17,34,0,10.67
589,Ocos,GT,2022-07-09 00:52:56,14.5094,-92.1933,82.27,80,10,6.24
590,Pisco,PE,2022-07-09 00:52:57,-13.7,-76.2167,61.02,88,4,12.66
591,Najran,SA,2022-07-09 00:52:57,17.4924,44.1277,86.65,42,100,12.97
592,Vezirkopru,TR,2022-07-09 00:52:57,41.1436,35.4547,61.29,73,0,0.65
593,Diamantino,BR,2022-07-09 00:52:57,-14.4086,-56.4461,78.1,42,64,3.22
594,Svetlyy,RU,2022-07-09 00:52:58,54.675,20.1347,55.45,91,4,9.13
595,Pilar,BR,2022-07-09 00:48:38,-9.5972,-35.9567,73.33,92,76,3.98
596,Waddan,LY,2022-07-09 00:52:58,29.1614,16.139,85.05,35,0,7.14
597,Singkang,MY,2022-07-09 00:52:58,2.1006,102.7994,80.04,87,100,2.26
598,San Martin Jilotepeque,GT,2022-07-09 00:52:59,14.7878,-90.7925,69.78,95,10,3.04
599,Jimenez,MX,2022-07-09 00:52:59,28.3333,-105.4,94.26,19,33,11.01
600,Cururupu,BR,2022-07-09 00:48:55,-1.8283,-44.8683,73.35,94,2,2.68
601,Butte,US,2022-07-09 00:52:59,39.6499,-121.5677,98.91,16,0,5.75
602,Mareeba,AU,2022-07-09 00:52:59,-17.0,145.4333,72.48,72,0,4.21
603,Khorinsk,RU,2022-07-09 00:53:00,52.1657,109.7726,68.4,50,16,11.39
604,Emerald,AU,2022-07-09 00:54:00,-23.5333,148.1667,56.34,56,0,14.79
605,Marawi,PH,2022-07-09 00:54:00,7.9986,124.2928,74.37,83,100,3.15
606,Beoumi,CI,2022-07-09 00:54:00,7.6736,-5.5764,71.1,98,98,5.86
607,Bahia Honda,CU,2022-07-09 00:54:01,22.9036,-83.1592,80.4,80,3,4.61
608,Amga,RU,2022-07-09 00:54:01,60.8953,131.9608,71.04,43,100,3.98
609,Skjervoy,NO,2022-07-09 00:54:01,70.0311,20.9714,50.0,77,82,6.62
610,Oak Ridge,US,2022-07-09 00:50:34,36.0104,-84.2696,74.37,94,75,0.0
611,Labuhan,ID,2022-07-09 00:54:01,-6.8844,112.2051,76.5,73,100,8.52
612,Tautira,PF,2022-07-09 00:54:02,-17.7333,-149.15,77.4,71,0,4.45
613,Paranhos,BR,2022-07-09 00:53:09,-23.8928,-55.4311,70.16,55,100,7.18
614,Gigmoto,PH,2022-07-09 00:54:02,13.7796,124.39,84.76,74,99,3.74
